Tmax,best_valid_acc
2.8,0.4000000059604645
3.2,0.3413333296775818
