Tmax,best_valid_acc
0.04,0.232
0.06,0.408
0.08,0.4465454545454545
0.1,0.49454545454545457
