Tmax,best_valid_acc
2.8,0.3733333349227905
3.2,0.34933334589004517
