Tmax,best_valid_acc
2.8,0.37599998712539673
3.2,0.36800000071525574
